SRC IP,ARP,LLC,EAPOL,IP,ICMP,ICMP6,TCP,UDP,TCP_w_size,HTTP,HTTPS,DHCP,BOOTP,SSDP,DNS,MDNS,NTP,IP_padding,IP_ralert,Portcl_src,Portcl_dst,Pck_size,Pck_rawdata,Entropy,Flow Volume,Flow Per Second,Flow Duration,Average Flow Rate
192.168.29.8,0,0,0,1,0,0,0,1,0,0,0,0,0,0,0,0,0,0,0,0,0,37,1,2.6416041678685933,54,0,21.327717065811157,2.5319165587845918
192.168.29.8,0,0,0,1,0,0,0,1,0,0,0,0,0,0,0,0,0,0,0,0,0,37,1,2.6416041678685933,164,110,24.645371913909912,6.654393391703615
192.168.29.8,0,0,0,1,0,0,0,1,0,0,0,0,0,0,0,0,0,0,0,0,0,43,1,3.139572261986723,66,0,27.435501098632812,2.4056422283932317
